brand_name,vertical_name,target_market,category,audience,growth_objective,launch_model,tags,short_description,audience_snapshot,problem_to_solve,fi_growth_thesis,product_feature_hooks,go_to_market_models,brand_direction,implementation_complexity,time_to_launch,image_direction,source_asset_types,ataglance_url,deck_url,teaser_url,source_notes
Lucrum,Healthcare Practice Banking,"Physician practices, dental practices, and healthcare practice operators","Healthcare, SMB, Professional Services",SMB,"Stable deposits, payments, billing, cash-flow management, fee income",Standalone Brand; FI-Endorsed Vertical Solution,"SMB, Healthcare, Payments, Deposits, Fee Income","Banking that powers practice finances with modern checking, integrated billing, cash-flow tools, and specialized financing for healthcare practices.","Independent physician practices, dental practices, and healthcare operators managing reimbursements, payroll, patient payments, and recurring business expenses.","Healthcare practices face administrative overhead, uneven reimbursement cycles, billing friction, and working-capital gaps traditional business banking rarely solves directly.","Gives an FI access to stable healthcare business deposits, payment volume, and fee-income opportunities while positioning the institution as a specialist partner for practice growth.",Modern business checking; Cash-flow tracking; Expense categorization; Integrated payment and billing tools; Employee card controls; Specialized financing; Fast digital account opening,"Partner with physician and dental associations; Target independent practices; Offer as an endorsed practice banking solution; Bundle payments, deposits, and financing","Professional, efficient, and clinically polished. Calm blues, clean typography, and practice-growth messaging.",Medium,4-6 months,"Doctor, dentist, or practice owner reviewing finances in a modern clinic setting",AtAGlance; Deck,https://docs.google.com/presentation/d/1ZlWq4m4a-WNLFXwGc4bUy7oNY7_-N0_n/edit,https://docs.google.com/presentation/d/1RNVsQT4b92RFnxN9b1cbG9glHiDPRTct/edit,,2025 Lucrum AtAGlance and Deck
Athelite,College Athlete Banking,"College athletes, NIL earners, and college sports fans","Sports, Consumer Affinity, Younger Consumers",Consumer,"Younger customers, deposits, fee income, affinity engagement",Standalone Brand; College-Branded Offering,"Consumer, Sports, NIL, Younger Consumers, Affinity","A financial game plan for college athletes and fans, helping athletes manage NIL income, save for taxes, and connect fan banking with team support.","College athletes earning NIL income, student athletes building financial independence, and highly engaged college sports fans.","Student athletes have irregular income, tax obligations, brand deals, and limited financial education, while fans want more meaningful ways to support teams.","Creates a path to acquire young digital-native customers through sports affinity, NIL income management, fan engagement, deposits, and fee-income opportunities.",Modern checking; Debit card; NIL payment receipt; Tax auto-sweeps; Brand deal income tracking; Financial education; Fan team roundups; Fast account opening,Launch direct to athletes and fans; Partner with colleges; Offer a college-branded version; Use fan support mechanics to drive acquisition,"Energetic, athletic, and confident. Bold sports imagery, strong typography, and community-driven storytelling.",Medium,4-6 months,"College athlete on campus or in training, paired with fan or team imagery",AtAGlance; Deck,https://docs.google.com/presentation/d/1MLXlGnV3G-5N5U4F6cIUx8n3Qf-NXwGq/edit,https://docs.google.com/presentation/d/1Hr31jshuX347idpLJVxtookD--DutGrj/edit,,2025 Athelite AtAGlance and Deck
Convoy,Trucking Banking,"Truckers, owner-operators, and trucking businesses","Transportation, SMB, Logistics",SMB,"Business deposits, lending, invoice factoring, cash-flow management",Standalone Brand; FI-Endorsed Vertical Solution,"SMB, Trucking, Logistics, Lending, Deposits","Banking built for life on the road, with mobile business banking, driver cards, invoice factoring, tax savings, forecasting, and asset-based finance.","Owner-operators, small trucking fleets, and transportation businesses managing fuel, maintenance, payroll, invoices, and working capital.","Truckers face delayed payments, high operating expenses, fuel and maintenance volatility, tax complexity, and cash-flow pressure between loads.","Targets a cash-flow intensive SMB segment with deposit opportunity, factoring revenue, card spend, asset finance, and strong product relevance.",Mobile business checking for drivers; Reserve savings for fuel and taxes; Driver cards with spend controls; Load, fuel, and maintenance categorization; Invoice factoring and payment tracking, Activity-based spending forecasts,"Partner with trucking associations; Target owner-operator communities; Integrate with fuel, load board, or fleet partners; Lead with invoice factoring","Rugged, practical, and mobile-first. Highway imagery, straight copy, and reliability-focused design.",Medium-High,5-7 months,Owner-operator beside a truck or reviewing payments from a cab,AtAGlance; Deck,convoy-slide.html,https://docs.google.com/presentation/d/1w3yg3G7vHnVcI1cPgWzCCmA-CqGL89JZ/edit,,2025 Convoy AtAGlance and Deck
FRAME,Construction and Trades Banking,"Construction businesses, contractors, trades, and builders","Construction, Trades, SMB",SMB,"Sticky business deposits, next-gen SMB acquisition, fee income",FI-Endorsed Vertical Solution; Product Line Under Existing Brand,"SMB, Construction, Trades, Deposits, Fee Income","Banking for builders, with project-based financials, streamlined invoices, trade payments, crew card controls, and cash-flow visibility.","Construction employer businesses, self-employed contractors, tradespeople, and builders managing project cash flow, crews, suppliers, and job-based expenses.","Builders need banking that reflects project-based work, fast supplier payments, crew-level spending controls, and real-time visibility into margins and cash flow.",Creates a targeted SMB banking wedge into a large construction segment with sticky operating deposits and strong fee-income potential.,Project-based financials; Business insights; Trade payments; Supplier payments; Streamlined invoices; Expense assignment; Business metrics; Pro subscription tools; Crew card controls,Partner with contractor associations; Target regional builders and trades; Offer as contractor banking inside the FI business suite; Lead with project cash-flow tooling,"Confident, hard-working, and modern. Construction site imagery, strong layouts, and practical product visuals.",Medium,4-6 months,"Contractor, builder, or construction worker reviewing project financials on site",AtAGlance; Deck,https://docs.google.com/presentation/d/1ib2mHwgPUlZ36OKiS77AUmIrZ_Aik9J8/edit,https://docs.google.com/presentation/d/1Vm0ENMSyFi3t1yHyLe-yqhTGtuAcuRet/edit,,2025 FRAME AtAGlance and Deck
SYSTM,Professional Services Banking,Professional services SMBs and self-employed professionals,"Professional Services, SMB",SMB,"Business deposits, balance sheet diversification, fee income",Standalone Brand; FI-Endorsed Vertical Solution,"SMB, Professional Services, Invoicing, Deposits, Fee Income","A financial system for professional services growth, with invoicing, contractor payments, expense tracking, pro tools, employee controls, and capital access.","Self-employed professionals and professional services firms that invoice clients, pay contractors, manage expenses, and need simple business-growth tools.","Professional services businesses often stitch together separate tools for banking, invoicing, contractors, expenses, reporting, and working capital.","Positions an FI to acquire digitally active SMBs with operating deposits, payment activity, subscription potential, and capital needs.",Modern checking; Debit card; Client invoicing; Contractor payments; Vendor payments; Expense assignment; Business metrics; Pro subscription tools; Employee controls; Capital access,Target professional services verticals; Partner with accountant and freelancer ecosystems; Offer as endorsed SMB operating account; Use invoicing and contractor payments as hooks,"Modern, precise, and business-focused. Founder imagery, dashboards, and growth-system language.",Medium,4-6 months,"Consultant, agency owner, or professional services founder working from a modern office",AtAGlance; Deck,https://docs.google.com/presentation/d/1kcSypfh7hGQ9JNTlrvFQw-p5VF-uWxlo/edit,https://docs.google.com/presentation/d/1CDW2Pe3QOhEaln5uhYdwhGLFQnDlzKbf/edit,,2025 SYSTM AtAGlance and Deck
Scurry,Family and Youth Banking,"Families, kids, teens, and parents","Family Banking, Youth Banking, Financial Education",Consumer,"Younger customers, family deposits, financial education, long-term loyalty",Standalone Brand; Product Line Under Existing Brand,"Consumer, Family, Kids, Teens, Education","Smart family banking for kids and teens, with allowances, rewards, savings goals, roundups, investing education, and real-time parental controls.","Parents seeking safe, educational money tools for kids and teens, with family members able to support savings and financial learning.","Families need a secure way to teach money habits, automate allowances, build savings, and manage youth spending with guardrails.","Creates early-life customer acquisition, household deposit growth, multi-generational relationships, and a compelling family banking product line.",Smart debit for kids and teens; Allowances; Chore rewards; Learning rewards; Savings goals; Family savings matching; Roundups; Investing education; Parental controls,Offer as a family banking product line; Market to existing households; Partner with schools and youth organizations; Position as financial education,"Trustworthy, warm, and family-friendly without feeling childish. Parent-child imagery and approachable design.",Medium,4-6 months,Parent and child reviewing savings goals or teen using a debit card responsibly,AtAGlance; Deck,https://docs.google.com/presentation/d/1tgJNOxMVrHd-wxQkFcJrER9ndNPTRPlA/edit,https://docs.google.com/presentation/d/1p5T_AMlL-_3m1om8Wlf4PJXe1Fihd5fD/edit,,2025 Scurry AtAGlance and Deck
Prospr,Agriculture Banking,"Farmers, agriculture businesses, and ag operators","Agriculture, SMB",SMB,"Business deposits, equipment lending, payroll, payments, savings",Standalone Brand; FI-Endorsed Vertical Solution,"SMB, Agriculture, Equipment Finance, Deposits, Payments","Banking for the future of agriculture, with business banking, capital access, payroll, payments, savings sweeps, and ag-specific support.","Farm operators and agriculture businesses managing seasonal cash flow, equipment purchases, land costs, payroll, suppliers, and operating expenses.","Agriculture businesses need banking that understands seasonality, equipment and land financing, payroll, payments, and ag operating cycles.","Helps an FI pursue agriculture operating deposits, lending relationships, and specialist advisory positioning in a relationship-heavy market.",Personal banking; Business banking; Equipment financing; Land financing; Operating expense capital; Payments; Payroll processing; Automated savings sweeps; Ag business support; Pro invoicing subscription,"Target ag-heavy geographies; Partner with grower associations and ag vendors; Offer as FI-endorsed ag banking; Bundle financing, deposits, and payroll","Grounded, optimistic, and practical. Modern agriculture imagery and language around resilience, growth, and operating confidence.",Medium,4-6 months,"Farmer or ag business owner in field, barn, or equipment setting using mobile banking",AtAGlance; Deck,https://docs.google.com/presentation/d/14129imOgJxcSs7eh9EX38KXyfY-8XUJd/edit,https://docs.google.com/presentation/d/1G3hGeRnMnXek28kC2CKHrUsqqvL589hp/edit,,Prospr AtAGlance and Deck
Métier,Maker and Artisan Banking,"Makers, artisans, Etsy sellers, and online creator businesses","Creator Economy, SMB, Makers",SMB,"SMB deposits, lending, cash-flow tools, payments",Standalone Brand; FI-Endorsed Vertical Solution,"SMB, Makers, Creator Economy, E-commerce, Deposits","Banking for makers, with artisan checking, expense folders, cash-flow analytics, supplier payments, tax automation, and micro-loans.","Makers and artisans selling through marketplaces, direct channels, craft events, or online stores while managing inventory, sales, supplies, and taxes.","Makers often mix personal and business finances and lack simple tools for expenses, inventory, supplier payments, tax reserves, and growth financing.","Provides a niche SMB acquisition path into creative commerce, with operating deposits, payments, fee income, and micro-lending potential.",Artisan checking; Savings accounts; Virtual expense folders; Cash-flow analytics; Micro-loans; Lines of credit; Inventory expense tracking; Supplier payments; Tax categorization; Automated tax set-asides,Partner with maker marketplaces and communities; Target Etsy sellers and craft businesses; Offer as creator SMB banking; Use inventory and tax tools as the hook,"Creative, handcrafted, and entrepreneurial. Maker studio imagery, tactile visuals, and copy around scaling a creative business.",Medium,4-6 months,Artisan or maker in studio packaging products or managing online sales,AtAGlance; Deck; Teaser,https://docs.google.com/presentation/d/1U4BYG0Kg3uT1eH6yHOC0sHKhyPANI2pd/edit,https://docs.google.com/presentation/d/18-hL_tGp11DeRCcXjtWSSst4_lyNia2J/edit,https://docs.google.com/presentation/d/10QQCXTHu-iyuuSFDTHiDMWRY3qTuE-Jl/edit,"Métier AtAGlance, Deck, Teaser"
Luminary,Life Sciences Banking,Life sciences companies and clinical trial operators,"Life Sciences, Commercial, Healthcare",Commercial,"Treasury efficiency, cash-flow management, reporting, specialized operations",Product Line Under Existing Brand; FI-Endorsed Vertical Solution,"Commercial, Life Sciences, Healthcare, Treasury","A financial operating system for life sciences, designed to manage clinical trial finances, reduce costs, improve cash flow, and streamline reporting.","Life sciences companies, clinical trial sponsors, and operators coordinating complex financial flows across research programs and trial sites.","Clinical trial finances are operationally complex, with cost controls, cash-flow timing, reporting, and multi-party payment management creating friction.",Offers a specialized commercial banking wedge into a complex healthcare-adjacent vertical with high-value treasury and payments potential.,Clinical trial financial management; Cost reduction workflows; Cash-flow improvement; Financial reporting support; Multi-party payment coordination; Treasury visibility,Target life sciences clusters; Partner with clinical trial administrators; Offer as commercial treasury specialization; Position around trial finance efficiency,"Scientific, precise, and high-trust. Lab, research, and life-sciences imagery with enterprise-grade design.",High,6-9 months,"Life sciences team, lab environment, or clinical research finance context",AtAGlance; Deck,https://docs.google.com/presentation/d/1s6pvj1b5HiVIGMtYiePL5jPsRScmRsK9/edit,https://docs.google.com/presentation/d/139tJ8XTe2W7dp8mF0iHEsgsW4hNoaX_m/edit,,Luminary AtAGlance and Deck
Remesa,Remittance and Newcomer Family Banking,"Immigrants, cross-border families, and remittance users","Multicultural, Remittance, Consumer",Consumer,"Deposits, direct deposit, remittance relationships, financial inclusion",Standalone Brand; FI-Endorsed Solution,"Consumer, Multicultural, Remittance, Inclusion","Better banking for building a better life, with debit, low-cost international transfers, early wage access, spending management, and savings roundups.","Consumers supporting family across borders, managing wages, everyday spending, transfers, and savings while building financial stability.","Cross-border families need low-cost money movement, trusted everyday banking, early wage access, spending visibility, and support that understands family obligations.","Creates deposit, interchange, remittance, and loyalty opportunities through a culturally relevant, high-need consumer segment.",Modern debit card; Free ATM access; Low-cost international money transfer; Spending tracking; Early wage access; Debit card roundups; Family-oriented support,Partner with community organizations; Target payroll and direct deposit users; Offer remittance-led onboarding; Build trust through family and goals,"Warm, human, and family-centered. Multicultural family imagery and language around building a better life.",Medium,4-6 months,"Multigenerational family, worker sending money home, or mobile transfer moment",AtAGlance; Deck,https://docs.google.com/presentation/d/1wL7BgIhKkRloGw0qu8CE8ndtYBlhSze9/edit,https://docs.google.com/presentation/d/1UGoGTtZnylxVe4I9eK8TT4pnVNoq-D3A/edit,,Remesa AtAGlance and Deck
SEMA,Emerging Athlete and Artist Wealth Banking,Emerging professional athletes and artists,"Talent, Wealth, Consumer Affinity",Consumer,"Affluent deposits, lending, wealth management, card spend",Standalone Premium Vertical,"Consumer, Athletes, Artists, Wealth, Premium","Exclusive banking for emerging athletes and artists, with premium cards, cashback, property financing, financial education, wealth management, and advisor support.","Emerging professional athletes and artists beginning to earn significant income while needing education, advice, lending, and wealth guidance.","Early-career talent often faces sudden income, high purchase needs, financial complexity, and limited access to trusted specialist guidance.","Enables premium relationship banking with high-income affinity segments through cards, lending, deposits, and wealth advisory.",Premium debit card; Premium credit card; Cashback; High-yield savings; Property financing; Dedicated lending specialist; Financial education; Digital wealth management; Specialist advisor support,"Partner with agents, talent programs, artist networks, and athlete development groups; Offer premium banking for emerging talent; Use education and advisor access as trust hooks","Premium, aspirational, and protective. Talent and performance imagery with private-banking cues.",Medium-High,5-7 months,"Emerging athlete, artist, or performer in a professional moment",AtAGlance; Deck,https://docs.google.com/presentation/d/132nni3XyNvai5nMWj4NEc_k8tqkoGrCE/edit,https://docs.google.com/presentation/d/13ApZb3bxYyFyfAwrG3a8_nAYZLGBAeb8/edit,,SEMA AtAGlance and Deck
Mirage,RV Lifestyle Banking,RV owners and mobile lifestyle consumers,"Lifestyle, Recreation, Consumer",Consumer,"Lending, deposits, affluent affinity, rewards",Standalone Brand; Affinity Partner Solution,"Consumer, RV, Recreation, Lending, Lifestyle","A nimble banking resource for the mobile RV life, with purchase and repair financing, budget tools, savings goals, RV-specific advisors, and charitable roundups.","RV owners, mobile lifestyle consumers, retirees, travelers, and RV-adjacent small business owners.","RV owners need capital for purchases or repairs, trip and lifestyle budgeting, savings goals, and advisors who understand mobile living.","Targets a passionate lifestyle segment with lending, deposits, card usage, rewards, and partner-led acquisition potential.",Capital for purchase or emergency repairs; Expense planning; Budget tracking; Goal-based savings; RV-specific financial advisors; Fee-free ATM benefits; Charity roundups,Partner with RV clubs and dealers; Target RV purchase and repair financing; Offer as an affinity digital bank; Use adventure savings and repair financing as hooks,"Freedom-oriented, adventurous, and reassuring. Open-road visuals and confidence around planning.",Medium,4-6 months,"RV owner, mobile traveler, or family at an RV campsite using mobile banking",AtAGlance; Deck,https://docs.google.com/presentation/d/1QLl5bM6co7Iwqf02iEHunXHdSrkC8N0e/edit,https://docs.google.com/presentation/d/1GbmsuwmLY2FXt4OmkWQOntx-zUL0F2z7/edit,,Mirage AtAGlance and Deck
Believe,Values-Driven Banking,Values-driven consumers and charitable givers,"Purpose-Driven Banking, Consumer, Impact",Consumer,"Deposits, card spend, brand differentiation, charitable engagement",Standalone Affinity Brand,"Consumer, Purpose, Impact, Giving, Sustainability","A bank that aligns money with values through cashback to causes, recycled cards, matched donations, charity customization, and purpose-driven engagement.","Consumers who want everyday banking to support causes, charities, sustainability, and values-aligned spending.",Values-driven consumers often cannot see a clear link between their banking behavior and the causes they care about.,"Builds brand differentiation, card engagement, deposit relationships, and mission-led loyalty through purpose-based banking.",Cashback rewards to causes; Recycled card; Roundup donations; Donation matching; Charity selection; Cause progress tracking; Mission-driven engagement,Partner with nonprofit networks; Target values-driven consumers; Launch as purpose-led digital brand; Use donation matching and cause customization as hooks,"Optimistic, values-led, and modern. Cause, community, and sustainability imagery with transparent impact metrics.",Medium-Low,3-5 months,"Consumer supporting a cause, volunteer community, or values-led purchase moment",AtAGlance; Deck,https://docs.google.com/presentation/d/1K7gtbCcFxDWC_HvS4wsOzhU_lsOBBZ66/edit,https://docs.google.com/presentation/d/1W4kCgNN6dmTDb5ZL42NoqmrMc4_9FpW4/edit,,Believe AtAGlance and Deck
Fortus,Veteran Entrepreneur Banking,Veteran entrepreneurs and veteran-owned businesses,"Veteran Business, SMB, Inclusive Capital",SMB,"Business lending, deposits, mentorship, community impact",Standalone Brand; CU-Endorsed Vertical,"SMB, Veterans, Vetpreneurs, Lending, Mentorship","Business banking for veteran entrepreneurs, with fair capital access, modern accounts, payments, merchant services, mentor support, and better rates tied to business development.","Veteran business owners and entrepreneurs launching, funding, or growing small businesses.","Veteran entrepreneurs need fair credit access, business banking, payments, mentorship, and support that recognizes their skills and business journey.","Serves a high-affinity SMB community with deposits, lending, payments, merchant services, and mission-driven differentiation.",Fair credit scoring; Easy capital loan applications; Business checking; Business savings; Fast payments; Transfers; Merchant services; Veteran business mentors; Better rates tied to skill development,Partner with veteran business groups; Target veteran-owned SMBs; Offer through credit unions with veteran ties; Use mentorship plus capital as the hook,"Respectful, strong, and practical. Veteran entrepreneur imagery without overly militarized clichés.",Medium,4-6 months,Veteran entrepreneur in business setting with mentor or advisor support,AtAGlance; Deck,https://docs.google.com/presentation/d/1IEJw6yfLjkXN8Lb1HWRp05bwNhkdbjdD/edit,https://docs.google.com/presentation/d/1ZlkHwkFh_RAy8o4l46gv-n74TKy8XOBW/edit,,Fortus AtAGlance and Deck
GigMoney,Gig Worker Banking,"Gig workers, freelancers, and independent earners","Gig Economy, Consumer, Independent Work",Consumer,"Deposits, tax savings, financial wellness, debit engagement",Standalone Brand; FI-Endorsed Solution,"Consumer, Gig Economy, Freelancers, Tax Savings","Modern money management for gig workers, with earnings tracking, expense planning, tax savings automation, receipt capture, debit, and savings tools.","Gig workers and freelancers managing income from multiple platforms, variable schedules, taxes, receipts, and inconsistent cash flow.","Gig workers need banking that separates income, tracks work-specific expenses, prepares for taxes, and smooths months when work is light.","Targets a fast-growing workforce segment with direct deposits, debit usage, savings balances, and financial wellness differentiation.",Modern savings and debit; Gig-by-gig earnings tracking; Expense planning; Savings roundups; Automated tax set-asides; Receipt capture; Gig expense assignment,Partner with gig platforms and worker communities; Target freelancers through tax-season campaigns; Offer as endorsed gig banking; Use tax automation as the primary hook,"Flexible, modern, and practical. Independent worker imagery and clear tools for variable-income life.",Medium-Low,3-5 months,"Gig worker, rideshare driver, delivery worker, or freelancer managing income on mobile",AtAGlance; Deck,https://docs.google.com/presentation/d/1I_rz_Nh7im45W6kpikqa8C-qzbL2FKbI/edit,https://docs.google.com/presentation/d/1VjcVf_tdctvPFIvT8MBk9z-RcJvbDHwx/edit,,GigMoney AtAGlance and Deck
SeriesF,Franchisee Banking,Franchisees and franchise operators,"Franchise Finance, SMB, Lending",SMB,"Lending, deposits, operating credit, franchise growth",Product Line Under Existing Brand; Standalone SMB Vertical,"SMB, Franchise, Lending, Operating Credit","Banking for franchisees, with fast approvals, franchise fee assistance, flexible loan terms, operating lines of credit, and franchise community support.","Current and prospective franchisees seeking funding, operating credit, community support, and banking built around franchise timelines.","Franchisees need financing that aligns to franchise fees, opening schedules, operating needs, and business ramp-up periods.",Offers lending-led acquisition into a structured SMB segment with deposit and credit expansion potential.,Fast approvals; Fast closings; Flexible terms; Franchise fee assistance; Adjustable rates; Fixed rate options; Operating line of credit; Franchise community,Partner with franchise systems and brokers; Target franchisee lending needs; Offer as specialized SMB finance product; Use franchise fee assistance as the hook,"Growth-oriented, structured, and entrepreneurial. Franchise operator imagery and clear financing pathways.",Medium,4-6 months,"Franchise owner in restaurant, retail, or service business context",AtAGlance; Deck,https://docs.google.com/presentation/d/13DuZJ-6cDYWdGgvyXZ1yDDHaxvLiUoqV/edit,https://docs.google.com/presentation/d/1etBhmowHN-0YcWoN1lUnr3GDWOH1GskC/edit,,SeriesF AtAGlance and Deck
BlueSYREN,First Responder Banking,First responders and their families,"Public Service, Consumer Affinity",Consumer,"Deposits, wealth, financial wellness, affinity loyalty",Standalone Brand; CU-Endorsed Affinity Brand,"Consumer, First Responders, Public Service, Wealth, Wellness","Banking that puts first responders first, with rewards, savings tools, specialist support, wealth guidance, and resilience education.","First responders and families managing demanding work, family financial goals, savings needs, and long-term planning.",First responders need trusted financial tools and support tailored to high-stress public service careers and family stability.,"Creates loyalty with a respected affinity community through deposit accounts, wealth support, rewards, and differentiated service.",Savings accounts; Debit accounts; Built-in rewards; Goal visualization; Spending tracking; Specialist support agents; Wealth management guidance; Mental resilience education; Well-being courses,Partner with first responder associations and unions; Offer through community-focused CUs; Use family security and specialist support as hooks,"Respectful, protective, and calm. First responder imagery with family and future-planning cues.",Medium-Low,3-5 months,"First responder with family, in uniform, or in community service context",AtAGlance; Deck,https://docs.google.com/presentation/d/1IGeG4wbmW7FUbojghnUppTKag0p8MO_N/edit,https://docs.google.com/presentation/d/12vJ1Ex4AkcGiXc-M7Dby8zLf-8u-ld5t/edit,,BlueSYREN AtAGlance and Deck
Aboard,Boat Owner Banking,"Boat owners, marina communities, and charter boat owners","Boating, Affluent Recreation, Lifestyle",Consumer,"Lending, deposits, wealth, insurance, lifestyle rewards",Standalone Brand; Affinity Partner Solution,"Consumer, Boating, Recreation, Lending, Wealth","Bespoke banking for boat owners, with marina and fuel rewards, maintenance savings, boat finance, insurance, wealth services, and charter expense tracking.","Boat owners, marina customers, charter operators, and affluent recreation consumers with financing, maintenance, insurance, and lifestyle spending needs.","Boat owners need specialized financing, maintenance budgeting, marina rewards, insurance, wealth support, and expense tracking when chartering.","Targets an affluent passion segment with lending, deposits, card spend, insurance, wealth, and partner acquisition potential.",Fuel cashback; Marina cashback; Maintenance savings folders; Boat insurance; Boat finance; Wealth management; Marina partner community; Charter income tracking; Charter expense tracking,"Partner with marinas, boat dealers, and insurers; Launch as boating affinity brand; Use fuel and marina cashback as acquisition hook; Bundle finance and insurance","Premium, coastal, and relaxed. Boat, marina, and affluent lifestyle imagery with understated luxury.",Medium,4-6 months,"Boat owner at marina, on vessel, or reviewing expenses before a charter",AtAGlance; Deck; Teaser,https://docs.google.com/presentation/d/1Ezo_0_J9pryOiKXyGIHgqDdSCpM-IIFk/edit,https://docs.google.com/presentation/d/1F6xJk_FumG6uMHJdFaWDnPDNTHMuxLOu/edit,https://docs.google.com/presentation/d/1EfG6tadiKePxeaxtGWePhM16oKyyOoWF/edit,"Aboard AtAGlance, Deck, Teaser"
GAMR,Banking for Gamers Streamers and Gaming Households,"Gamers, streamers, parents, and gaming households","Gaming, Creator Economy, Consumer and SMB",Consumer and SMB,"Younger customers, fee income, streamer SMB tools, household deposits",Standalone Brand; Creator-Economy Vertical,"Consumer, SMB, Gaming, Families, Streamers, Creator Economy","High-performance banking with gaming rewards, gear savings, household spending controls, fast account opening, streamer invoicing, and income tracking.","Gamers, streamers, content creators, parents, and gaming households that spend across games, platforms, and gear or earn income through streaming and sponsorships.","Gaming spend is fragmented across platforms and often lacks useful context. Gamers want rewards and savings for gear, parents need visibility and simpler purchase approvals, and streamers need business tools to manage sponsorship income, invoices, and creator revenue.","Captures younger consumers, gaming households, and creator SMBs through a high-affinity digital segment with household deposits, fee income, card rewards, and premium tiers.",Checking and savings for gamers; Gaming cashback and reward offers; Gear savings goals; Fast digital account opening; Household spending controls; Real-time purchase requests and parental approvals; Gaming spend insights across platforms and merchants; Early paycheck access with direct deposit,"Partner with gaming communities, streamers, esports groups, and family gaming networks; Offer gamer, household, and streamer tiers; Use gaming rewards, household controls, and creator tools as hooks","High-energy, digital-native, and premium, while remaining accessible to gaming households. Gaming visuals, shared play, creator setups, neon accents, and performance language.",Medium,4-6 months,"Streamer at gaming setup, gamer with hardware, or esports community moment",Deck,,https://docs.google.com/presentation/d/1K7hDMC_KNVBpgqYHJClN578rXVpWV_nf/edit,,GAMR Deck
Verde,Landscaper Banking,Landscapers and landscaping SMBs,"Landscaping, Trades, SMB",SMB,"Business deposits, project finance, payments, vendor and crew management",Product Line Under Existing Brand; FI-Endorsed SMB Vertical,"SMB, Landscaping, Trades, Project Finance, Payments","Banking for landscaping business growth, with project accounts, invoicing, equipment financing, crew payments, vendor payments, and tool integrations.","Landscaping business owners and crews managing seasonal work, project budgets, equipment needs, vendor payments, and payroll.","Landscaping SMBs face seasonal cash-flow swings, equipment financing needs, crew and vendor payments, and project-based expense tracking.","Creates a trades-focused SMB banking wedge with deposits, project finance, card usage, payments, and strong operational relevance.",Smart checking; Project-based accounts; Invoicing; Billing tools; Equipment financing; Project financing; Virtual cards; Crew payments; Vendor payments; Tool syncing,Target landscaping businesses regionally; Partner with equipment dealers and trade associations; Offer as trades banking product line; Lead with project finance and payments,"Fresh, practical, and growth-oriented. Landscaping crew, equipment, and outdoor project imagery with green business cues.",Medium,4-6 months,Landscaper or crew owner on job site managing project payments,AtAGlance; Deck; Teaser,https://docs.google.com/presentation/d/1Iy345Sl-7OHOXysZ0snZRpsp9Fa9mc-2/edit,https://docs.google.com/presentation/d/1IoqhFA1WTsRamIX_K2nATHvYneSoUPUx/edit,https://docs.google.com/presentation/d/1IkmkhrWVxpARubhlQBhqVOR1d-92L4JW/edit,"Verde AtAGlance, Deck, Teaser"
TeacherFi,K-12 Education Banking,"Teachers, K-12 families, parents, and students","Education, Family Banking, Consumer Affinity",Consumer,"Family deposits, education savings, transparent donations, next-gen acquisition",Standalone Brand; Licensed Family Banking Solution,"Consumer, Education, Teachers, Family, Donations","Banking for a brighter future, with classroom goal folders, transparent donations, education cashback, college savings automation, and student participation.","K-12 teachers, parents, students, and school communities seeking better ways to fund classroom needs, education savings, and student goals.","Teachers and families face classroom funding gaps, rising education costs, limited transparency in donations, and fragmented college savings tools.","Creates family deposit growth, education affinity, next-generation acquisition, and community impact through classroom and college savings tools.",Learning goal-based folders; Transparent classroom donations; College savings roundups; Education cashback; Student voting on goals; Grant assistance; Classroom incidentals funding,Partner with schools and parent communities; Launch standalone or license to other FIs; Market through classroom goals and college savings; Use transparent donations as hook,"Bright, trusted, and community-oriented. Classroom, family, and student imagery with optimistic education visuals.",Medium,4-6 months,"Teacher, classroom, parent and student, or education savings moment",Deck,,https://docs.google.com/presentation/d/1x11YnG9EQzOsmac3aSn-t9hickc5W2D4/edit,,TeacherFi Deck
Employ,Workplace Financial Wellness Banking,"Employees, employers, and workplace financial wellness users","Workplace Banking, Financial Wellness",Consumer,"Payroll deposits, employee engagement, workplace wellness",Product Line Under Existing Brand; Employer-Endorsed Solution,"Consumer, Workplace, Payroll, Financial Wellness","Workplace financial wellness banking with no minimums, no monthly fees, flexible contributions, direct deposit, ID theft protection, and portability.","Employees and employers seeking accessible, portable financial wellness tools linked to payroll and benefits.",Workers need low-friction financial wellness tools that do not depend on employer administration and remain accessible after changing jobs.,Builds payroll deposit relationships and employer distribution while supporting financial wellness and portability.,No minimum balance; No monthly fee; Self-service contribution changes; Automatic direct deposit; No HR required; ID theft protection; Portability beyond employment,Partner with employers and benefits platforms; Offer as workplace wellness product; Target payroll deposit conversion; Lead with portability and low-friction setup,"Accessible, stable, and benefit-oriented. Workplace and employee wellness imagery with simple trust-building UI.",Medium-Low,3-5 months,"Employee or workplace benefits moment, payroll and savings context",AtAGlance; Deck,https://docs.google.com/presentation/d/1Hbsiwacfm_7elNciNmWTjancwrxotqtN/edit,https://docs.google.com/presentation/d/1HgJX5rzJXuI44etVSrlHwQT0BLZzFjgx/edit,,Employ AtAGlance and Deck
Vivien,Survivor Safety Banking,Domestic violence survivors and financially abused consumers,"Impact, Safety Banking, Financial Inclusion",Consumer,"Social impact, financial independence, underserved market, lifelong loyalty",Mission-Led Standalone Brand; FI-Endorsed Solution,"Consumer, Impact, Safety, Financial Inclusion, Survivor Support","Survivor-focused banking that helps users rebuild financial independence with safe accounts, debt support, credit rebuilding, alternative ID options, and wraparound resources.","Survivors of domestic violence and financial abuse who need secure, low-cost banking, credit rebuilding, identity protection, and support services.",Financial insecurity and financial abuse can prevent survivors from leaving unsafe situations and rebuilding long-term financial health.,"Creates a values-driven impact brand that can reach an overlooked market, build lifelong loyalty, and align with corporate social responsibility goals.",Free checking; Secure debit card; Prepaid card options; Debt consolidation; Repayment plans; Credit score insights; Credit rebuilding tools; Alternative ID support; Alternative address support; ID theft monitoring; Savings roundups; Counseling resources; Employment resources; Housing resources,"Mission-led digital brand; Partner with survivor support organizations; Offer through CSR-aligned FIs; Prioritize safety, trust, and resource access","Calm, safe, empowering, and private. Respectful survivor-centered imagery, soft colors, and trust-forward language.",High,6-9 months,"Empowered individual in safe, supportive setting, avoiding sensationalized crisis imagery",Teaser; Deck,,https://docs.google.com/presentation/d/1L3Gj7uFbe0oLG0TSUMzcfPqocqmtFkM6/edit,https://docs.google.com/presentation/d/1L8GYf7Fup7ZxQJ7FXHOzGb4lnjXg9B_i/edit,Vivien Teaser and Deck
NewStart,Newcomer Banking,"Immigrants, newcomers to the U.S., and relocated consumers","Newcomer Banking, Multicultural, Financial Inclusion",Consumer,"Deposits, credit building, remittance, financial inclusion",Standalone Brand; FI-Endorsed Solution,"Consumer, Newcomers, Immigrants, Credit Building, Inclusion","Banking that simplifies a financial move, with U.S. account opening, debit, international transfers, credit-building support, bill tools, and job networking.","Newcomers to the U.S. who need a bank account, debit card, credit-building support, transfers, housing or vehicle support, and work connections.","New arrivals often lack local credit history and struggle with account access, transfers, housing, transportation, and the first steps of financial integration.","Builds early financial relationships with newcomer consumers through deposits, transfers, credit-building, and trusted support.",U.S. bank account; Visa debit card; Free international transfers; Fast application; Global financial history consideration; Credit-building tips; Spending tracking; Bill management; Rental support; Vehicle support; JobConnect,Partner with newcomer organizations and employers; Target relocation and immigrant communities; Lead with credit-building and transfer support; Offer as inclusive banking,"Welcoming, practical, and optimistic. Relocation, family, and new-life imagery with clear support messaging.",Medium,4-6 months,"Newcomer family, relocated professional, or account-opening moment",AtAGlance; Deck; Teaser,https://docs.google.com/presentation/d/1IdTFgfGO9NnxCk9Ww2NY8twrIYEoUmSQ/edit,https://docs.google.com/presentation/d/1IN90FxyUY2Zt3iczFoqhXqft0QA_R3Hx/edit,https://docs.google.com/presentation/d/1IHfedQ5wio53A01qpctVFi8KSgMNIV5T/edit,"NewStart AtAGlance, Deck, Teaser"
Praecuro,Nurse and Healthcare Worker Banking,Nurses and healthcare workers,"Healthcare Workforce, Consumer, Career Banking",Consumer,"Student debt, career finance, deposits, wealth management",Standalone Brand; Affinity Solution,"Consumer, Nurses, Healthcare Workers, Student Debt, Wealth","All-in-one banking for nurses to grow careers and wealth, with education financing, debt roundups, consolidated payments, financial wellness, and text-based advice.","Nurses and healthcare workers managing education debt, career training, shift-based income, financial wellness, and long-term planning.","Healthcare workers often carry education debt, need ongoing training financing, and have limited career-specific financial support.","Builds high-affinity consumer relationships with a stable workforce segment through debt support, deposits, education finance, and wealth services.",Academic debt roundups; Affordable school financing; Training financing; Consolidated payments; Financial wellness support; Wealth management; Text-based financial advice,"Partner with nursing associations, hospitals, and training programs; Target early-career healthcare workers; Use student debt support and career growth as hooks","Caring, professional, and supportive. Nurse and healthcare worker imagery with calm, trusted design.",Medium-Low,3-5 months,"Nurse or healthcare worker in professional setting, financial wellness moment",AtAGlance; Deck,https://docs.google.com/presentation/d/1FzvT4av_-B8CmIq_kNtHk93RLzQ67zZj/edit,https://docs.google.com/presentation/d/1FuqvZF53Ym05MmE9k-ZfpbvRNRwbXS0T/edit,,Praecuro AtAGlance and Deck
Outbound,Outdoor Adventure Banking,"Outdoor adventurers, RV, ATV, boating, hiking, and recreation enthusiasts","Outdoor Recreation, Lifestyle, Sustainability",Consumer,"Lending, deposits, sustainability, rewards, lifestyle affinity",Standalone Affinity Brand,"Consumer, Outdoor, Recreation, Sustainability, Lending","Banking for outdoor adventure enthusiasts, with gear and vehicle financing, trip budgeting, savings folders, carbon impact tracking, splitting, rewards, and green-cause roundups.","Outdoor enthusiasts who spend on gear, trips, RVs, ATVs, boats, camping, hiking, and sustainability-minded recreation.","Outdoor consumers need financing, budgeting, savings, transaction splitting, rewards, and environmental impact tools tied to their lifestyle.","Targets a large, passionate recreation segment with lending, deposits, card spend, rewards, and sustainability-led brand differentiation.",Gear financing; Adventure vehicle financing; Emergency repair capital; Trip expense planning; Budget tracking; Goal-based savings; Carbon impact tracking; Green retailer visibility; Transaction splitting; Gear cashback; Green-cause roundups,"Partner with outdoor brands, recreation clubs, and vehicle dealers; Launch as adventure affinity bank; Use financing, trip budgeting, and sustainability as hooks","Adventurous, sustainable, and modern. Outdoor landscapes, adventure gear, and clean environmental impact visuals.",Medium,4-6 months,"Outdoor adventurer, camper, hiker, RV owner, or group splitting trip expenses",Teaser; Deck,,https://docs.google.com/presentation/d/1KNrs01M1wxbVV-LW4Sz5lo44Hkp_ycWw/edit,https://docs.google.com/presentation/d/1KPjyC4CHII9DEo_FmxG62LrOpz8cAc1D/edit,Outbound Teaser and Deck
